File Name,File Format,Preservation Normalization Attempted,Preservation Normalization Failed,Preservation Conformance Check,Already in Preservation Format,Access Normalization Attempted,Access Normalization Failed,Already in Access Format,Access Conformance Check
RG456-05/RG456-05-06/RG456-05-06-12-004.wav,WaveformAudio(PCMWAVEFORMAT),No "https://archtorontomu.scholarsportal.info/task/7a5cdb26-2bcc-45a1-aa93-b460a70b71f0/",No,N/A,Yes,Yes "https://archtorontomu.scholarsportal.info/task/16374102-14f2-4f99-bb6f-fd94c6dea7e6/",No,No,N/A
RG456-05/RG456-05-07/RG456-05-07-002.wav,WaveformAudio(PCMWAVEFORMAT),No "https://archtorontomu.scholarsportal.info/task/fdef9ce5-d8db-421e-9eca-d165952f1c90/",No,N/A,Yes,Yes "https://archtorontomu.scholarsportal.info/task/01f7f08d-0ba2-4412-8431-c399dde410bd/",No,No,N/A
RG456-05/RG456-05-06/RG456-05-06-32-001.wav,WaveformAudio(PCMWAVEFORMAT),No "https://archtorontomu.scholarsportal.info/task/f2bf65e8-772a-4456-ab14-5d924c0c8484/",No,N/A,Yes,Yes "https://archtorontomu.scholarsportal.info/task/255feb32-c184-41d7-a8b5-c195eadc96f9/",No,No,N/A
RG456-05/RG456-05-06/RG456-05-06-09-001.wav,WaveformAudio(PCMWAVEFORMAT),No "https://archtorontomu.scholarsportal.info/task/2b0c2f16-2e26-4a8d-884d-29ab970abcf5/",No,N/A,Yes,Yes "https://archtorontomu.scholarsportal.info/task/2102a6cb-fc71-4343-be51-af64c0d0e7ab/",No,No,N/A
RG456-05/RG456-05-01/RG456-05-01-017.mp3,MPEG1/2AudioLayer3,Yes "https://archtorontomu.scholarsportal.info/task/21929bdc-e455-4d55-abed-e4d79b9e7a53/",No,Passed "https://archtorontomu.scholarsportal.info/task/6e5262aa-3abb-4056-8d62-0fee344e0daf/",No,Yes "https://archtorontomu.scholarsportal.info/task/937b67c7-d814-4217-9a85-dbd3aba75aae/",No,No,Passed "https://archtorontomu.scholarsportal.info/task/e2a6b190-00ce-467e-984f-519d676bf3cd/"
RG456-05/RG456-05-01/RG456-05-01-007.mp3,MPEG1/2AudioLayer3,Yes "https://archtorontomu.scholarsportal.info/task/087da746-f263-4571-8eab-2b33426d6740/",No,Passed "https://archtorontomu.scholarsportal.info/task/e79aea57-a14a-497d-932e-86ac6bf1df09/",No,Yes "https://archtorontomu.scholarsportal.info/task/9286030c-168e-4051-911e-10c2adc880b3/",No,No,Passed "https://archtorontomu.scholarsportal.info/task/48bace93-a0a4-49f0-8e4a-7d9b3a83f7e2/"
RG456-05/RG456-05-01/RG456-05-01-010.mp3,MPEG1/2AudioLayer3,Yes "https://archtorontomu.scholarsportal.info/task/e593cf79-a5e3-4bc0-852f-82540e690341/",No,Passed "https://archtorontomu.scholarsportal.info/task/6e89f440-f2c6-45c5-ba03-e064bed8625a/",No,Yes "https://archtorontomu.scholarsportal.info/task/7d906c10-23d5-4668-bfb3-3496f60758a3/",No,No,Passed "https://archtorontomu.scholarsportal.info/task/94afcec5-f49b-4c86-b58d-d40c7c58e7a0/"
RG456-05/RG456-05-01/RG456-05-01-001.mp3,MPEG1/2AudioLayer3,Yes "https://archtorontomu.scholarsportal.info/task/94a99437-5e54-4bda-aceb-9a807cc24509/",No,Passed "https://archtorontomu.scholarsportal.info/task/3bf69a96-0c08-4406-ba30-f8c977880d72/",No,Yes "https://archtorontomu.scholarsportal.info/task/3eb6fce7-76f5-4a8b-b405-3a53349278ce/",No,No,Passed "https://archtorontomu.scholarsportal.info/task/c4f9331b-e997-4e6a-9e0e-34483a159b3f/"
RG456-05/RG456-05-06/RG456-05-06-05-004.wav,WaveformAudio(PCMWAVEFORMAT),No "https://archtorontomu.scholarsportal.info/task/ac821d25-4d27-4958-8e17-41063c5a9726/",No,N/A,Yes,Yes "https://archtorontomu.scholarsportal.info/task/4655932c-46c9-4f6f-a99a-7a713fdf6f81/",No,No,N/A
RG456-05/RG456-05-06/RG456-05-06-22-004.wav,WaveformAudio(PCMWAVEFORMAT),No "https://archtorontomu.scholarsportal.info/task/98b83c74-a87e-4083-8714-912ca90d06ec/",No,N/A,Yes,Yes "https://archtorontomu.scholarsportal.info/task/aa5af884-1fb9-4908-a0fa-8a82c7747a62/",No,No,N/A
RG456-05/RG456-05-06/RG456-05-06-16-003.wav,WaveformAudio(PCMWAVEFORMAT),No "https://archtorontomu.scholarsportal.info/task/fcabcb5c-c0cc-48e4-8052-2cbaef9de5fe/",No,N/A,Yes,Yes "https://archtorontomu.scholarsportal.info/task/f80cb458-e0f4-48f1-8aff-a42155b5bde4/",No,No,N/A
RG456-05/RG456-05-06/RG456-05-06-21-003.wav,WaveformAudio(PCMWAVEFORMAT),No "https://archtorontomu.scholarsportal.info/task/2215831b-899d-4565-b652-4e456da22e1e/",No,N/A,Yes,Yes "https://archtorontomu.scholarsportal.info/task/1346fa8e-6099-490d-acf3-cf3cc8ebbd7c/",No,No,N/A
RG456-05/RG456-05-01/RG456-05-01-024.mp3,MPEG1/2AudioLayer3,Yes "https://archtorontomu.scholarsportal.info/task/016f1498-5abd-4d4d-87bc-cef21ffc9d3e/",No,Passed "https://archtorontomu.scholarsportal.info/task/7b3398cf-d2ec-4a93-8fbd-63804e71216e/",No,Yes "https://archtorontomu.scholarsportal.info/task/03ad4ca4-f16e-4afe-91b2-5ae79204d92f/",No,No,Passed "https://archtorontomu.scholarsportal.info/task/f4047eb1-3c3a-42de-9316-a253526c636f/"
RG456-05/RG456-05-01/RG456-05-01-011.mp3,MPEG1/2AudioLayer3,Yes "https://archtorontomu.scholarsportal.info/task/8d18f369-32bc-4128-ab6d-53bd9c727444/",No,Passed "https://archtorontomu.scholarsportal.info/task/12a8340c-b119-468e-bf27-daf3983d0e22/",No,Yes "https://archtorontomu.scholarsportal.info/task/2da47253-1283-4af2-b540-e4801305cb3a/",No,No,Passed "https://archtorontomu.scholarsportal.info/task/5da37099-51bd-467c-91d4-8f3777315e22/"
RG456-05/RG456-05-06/RG456-05-06-31-004.wav,WaveformAudio(PCMWAVEFORMAT),No "https://archtorontomu.scholarsportal.info/task/200ff142-8bda-46c4-8b1e-cb33169b8d00/",No,N/A,Yes,Yes "https://archtorontomu.scholarsportal.info/task/c34f3f70-f300-4126-bca5-afc314056303/",No,No,N/A
RG456-05/RG456-05-10/WOM_MLK_Interview_Jan_20.wav,WaveformAudio(PCMWAVEFORMAT),No "https://archtorontomu.scholarsportal.info/task/7fa92e2c-8748-4eaf-887c-9b8a5c2f38d6/",No,N/A,Yes,Yes "https://archtorontomu.scholarsportal.info/task/2dab0b27-5ae6-4fa3-8e2d-cbe92a4a6a24/",No,No,Passed "https://archtorontomu.scholarsportal.info/task/669d1f74-4f2d-428e-8bf1-f08711b1d5db/"
RG456-05/RG456-05-06/RG456-05-06-13-003.wav,WaveformAudio(PCMWAVEFORMAT),No "https://archtorontomu.scholarsportal.info/task/8f2d50fb-7c52-4db7-a0ef-3bed1492f662/",No,N/A,Yes,Yes "https://archtorontomu.scholarsportal.info/task/10ff9836-89c4-4c0d-96f8-6080d35caa4b/",No,No,N/A
RG456-05/RG456-05-07/RG456-05-07-006.wav,WaveformAudio(PCMWAVEFORMAT),No "https://archtorontomu.scholarsportal.info/task/aa3d6ec4-4d8c-45b0-abc3-56a275fd00ca/",No,N/A,Yes,Yes "https://archtorontomu.scholarsportal.info/task/02a1ae77-0f61-4d2d-a66e-91216c5f1af9/",No,No,N/A
RG456-05/RG456-05-06/RG456-05-06-28-004.wav,WaveformAudio(PCMWAVEFORMAT),No "https://archtorontomu.scholarsportal.info/task/5ded8617-b177-4ffe-b2a2-2ce9cbc18dad/",No,N/A,Yes,Yes "https://archtorontomu.scholarsportal.info/task/6f6c1c06-b61c-4a85-bc1f-2d9393fdd45b/",No,No,N/A
RG456-05/RG456-05-06/RG456-05-06-13-002.wav,WaveformAudio(PCMWAVEFORMAT),No "https://archtorontomu.scholarsportal.info/task/0d9d8b7e-638e-41d7-875c-e5c80f5909d3/",No,N/A,Yes,Yes "https://archtorontomu.scholarsportal.info/task/cd221a60-d054-4ae7-8fd3-da5e84021b38/",No,No,N/A
RG456-05/RG456-05-06/RG456-05-06-02-002.wav,WaveformAudio(PCMWAVEFORMAT),No "https://archtorontomu.scholarsportal.info/task/436ed86f-617d-4ca5-ac2a-4c9d76a131a7/",No,N/A,Yes,Yes "https://archtorontomu.scholarsportal.info/task/ef4e973a-9136-4648-bee4-eae1bee21513/",No,No,N/A
RG456-05/RG456-05-07/RG456-05-07-010.wav,WaveformAudio(PCMWAVEFORMAT),No "https://archtorontomu.scholarsportal.info/task/3248dedb-bea0-4750-8e08-e23a3796e2d0/",No,N/A,Yes,Yes "https://archtorontomu.scholarsportal.info/task/678aa640-66fa-4516-a8b7-c87c8ce2c8ab/",No,No,N/A
RG456-05/RG456-05-06/RG456-05-06-31-001.wav,WaveformAudio(PCMWAVEFORMAT),No "https://archtorontomu.scholarsportal.info/task/736e7864-3833-4997-9dff-ba3854c80a1a/",No,N/A,Yes,Yes "https://archtorontomu.scholarsportal.info/task/12ef998d-36b3-43f8-89eb-8037ee4d74b0/",No,No,N/A
RG456-05/RG456-05-06/RG456-05-06-29-001.wav,WaveformAudio(PCMWAVEFORMAT),No "https://archtorontomu.scholarsportal.info/task/d754e209-33ac-4600-b488-4f830e2d0cf1/",No,N/A,Yes,Yes "https://archtorontomu.scholarsportal.info/task/e69da14c-c88c-4e32-b8d1-dc0ae21c0408/",No,No,N/A
RG456-05/RG456-05-07/RG456-05-07-007.wav,WaveformAudio(PCMWAVEFORMAT),No "https://archtorontomu.scholarsportal.info/task/ba66db69-83a2-47d1-a068-358151915b26/",No,N/A,Yes,Yes "https://archtorontomu.scholarsportal.info/task/dcf708c9-96a6-4b5e-bdae-516b25b7ee2d/",No,No,N/A
RG456-05/RG456-05-06/RG456-05-06-12-002.wav,WaveformAudio(PCMWAVEFORMAT),No "https://archtorontomu.scholarsportal.info/task/a41fec10-c7ae-4489-b897-b09aab8d8698/",No,N/A,Yes,Yes "https://archtorontomu.scholarsportal.info/task/9142a7b3-68ca-472f-9561-af67d89a976b/",No,No,N/A
RG456-05/RG456-05-07/RG456-05-07-008.wav,WaveformAudio(PCMWAVEFORMAT),No "https://archtorontomu.scholarsportal.info/task/38ffe425-f6ea-475e-8d0e-97c2cb03fe33/",No,N/A,Yes,Yes "https://archtorontomu.scholarsportal.info/task/62b0ce06-93f0-4293-8408-7541f3847337/",No,No,N/A
RG456-05/RG456-05-06/RG456-05-06-13-004.wav,WaveformAudio(PCMWAVEFORMAT),No "https://archtorontomu.scholarsportal.info/task/be06daad-5049-4c26-9ee5-81d64d8b85f3/",No,N/A,Yes,Yes "https://archtorontomu.scholarsportal.info/task/5322d5eb-e6d9-4fd6-b295-6cd1b65e0acd/",No,No,N/A
RG456-05/RG456-05-07/RG456-05-07-004.wav,WaveformAudio(PCMWAVEFORMAT),No "https://archtorontomu.scholarsportal.info/task/6bf6b51a-02d8-4597-af7f-e321c91b21e8/",No,N/A,Yes,Yes "https://archtorontomu.scholarsportal.info/task/ed868252-e640-49c7-9ad5-3488e4aecbff/",No,No,N/A
RG456-05/RG456-05-06/RG456-05-06-11-003.wav,WaveformAudio(PCMWAVEFORMAT),No "https://archtorontomu.scholarsportal.info/task/80bcaf62-890f-4141-9147-c9abd340cda9/",No,N/A,Yes,Yes "https://archtorontomu.scholarsportal.info/task/91e9cd69-c5b6-4fa7-b2d1-4ee24db6fe01/",No,No,N/A
RG456-05/RG456-05-06/RG456-05-06-17-004.wav,WaveformAudio(PCMWAVEFORMAT),No "https://archtorontomu.scholarsportal.info/task/afddc54d-79ec-4380-9aea-16fc02106af7/",No,N/A,Yes,Yes "https://archtorontomu.scholarsportal.info/task/da86790c-43af-4ca0-959f-3179d2600ee1/",No,No,N/A
RG456-05/RG456-05-06/RG456-05-06-30-002.wav,WaveformAudio(PCMWAVEFORMAT),No "https://archtorontomu.scholarsportal.info/task/ccaeaf27-6c51-4f78-82ae-945a97f27bdd/",No,N/A,Yes,Yes "https://archtorontomu.scholarsportal.info/task/04d91ac3-3e63-4369-8f0f-d301979d4d60/",No,No,N/A
RG456-05/RG456-05-01/RG456-05-01-014.mp3,MPEG1/2AudioLayer3,Yes "https://archtorontomu.scholarsportal.info/task/d6e76d62-37af-4778-9162-0f5b2bb06a8a/",No,Passed "https://archtorontomu.scholarsportal.info/task/86c1b1b2-7d55-4183-bcbe-a00eaadd75bf/",No,Yes "https://archtorontomu.scholarsportal.info/task/45d4a8a2-6a80-4ed6-a163-852c096fa1c2/",No,No,Passed "https://archtorontomu.scholarsportal.info/task/a8fe2330-3a8a-42a1-98dc-2096aa975cc2/"
RG456-05/RG456-05-06/RG456-05-06-12-001.wav,WaveformAudio(PCMWAVEFORMAT),No "https://archtorontomu.scholarsportal.info/task/7b3dfdab-1182-4be5-abb5-4fbca62519eb/",No,N/A,Yes,Yes "https://archtorontomu.scholarsportal.info/task/f805b09c-888c-4c4a-9ade-8f31f3f06a89/",No,No,N/A
RG456-05/RG456-05-06/RG456-05-06-17-003.wav,WaveformAudio(PCMWAVEFORMAT),No "https://archtorontomu.scholarsportal.info/task/83849f3e-06a1-4252-b089-8f4fb526e4b8/",No,N/A,Yes,Yes "https://archtorontomu.scholarsportal.info/task/de8047e4-c8f4-4bf9-8ace-054c697a916c/",No,No,N/A
RG456-05/RG456-05-06/RG456-05-06-19-001.wav,WaveformAudio(PCMWAVEFORMAT),No "https://archtorontomu.scholarsportal.info/task/97f2ed53-3b07-4d7f-834f-19527e6ac5de/",No,N/A,Yes,Yes "https://archtorontomu.scholarsportal.info/task/d8cc2ca7-5323-4b94-9956-722a09322c57/",No,No,N/A
RG456-05/RG456-05-06/RG456-05-06-08-001.wav,WaveformAudio(PCMWAVEFORMAT),No "https://archtorontomu.scholarsportal.info/task/59b43540-f645-4325-a4b0-8b31bca8ebfb/",No,N/A,Yes,Yes "https://archtorontomu.scholarsportal.info/task/b1ef0d1b-f2d5-4f94-a4cc-d7b744bc2e42/",No,No,N/A
RG456-05/RG456-05-06/RG456-05-06-14-004.wav,WaveformAudio(PCMWAVEFORMAT),No "https://archtorontomu.scholarsportal.info/task/9a24e783-63a3-4e70-a355-da3ed95ad7da/",No,N/A,Yes,Yes "https://archtorontomu.scholarsportal.info/task/c4aef379-e3a2-4428-a90a-223ec916dbb5/",No,No,N/A
RG456-05/RG456-05-06/RG456-05-06-32-003.wav,WaveformAudio(PCMWAVEFORMAT),No "https://archtorontomu.scholarsportal.info/task/f84f97c2-1c2d-4662-9b87-0b2b57e0d882/",No,N/A,Yes,Yes "https://archtorontomu.scholarsportal.info/task/a661b8f0-2eed-4c77-aa1f-6deba5b8e21e/",No,No,N/A
RG456-05/RG456-05-01/RG456-05-01-016.mp3,MPEG1/2AudioLayer3,Yes "https://archtorontomu.scholarsportal.info/task/751b2057-38c9-4768-99cd-860c1161c53a/",No,Passed "https://archtorontomu.scholarsportal.info/task/721728da-1fc3-46bb-8655-c5f723834b57/",No,Yes "https://archtorontomu.scholarsportal.info/task/216f11e2-f90f-4dfb-8062-6668506b0a3e/",No,No,Passed "https://archtorontomu.scholarsportal.info/task/117834f7-a065-48ce-af6b-3eb76edf78d9/"
RG456-05/RG456-05-06/RG456-05-06-06-001.wav,WaveformAudio(PCMWAVEFORMAT),No "https://archtorontomu.scholarsportal.info/task/a4e1e341-6626-4f4c-ad48-ceaa2b54b09f/",No,N/A,Yes,Yes "https://archtorontomu.scholarsportal.info/task/bc3df5a1-e5c4-4496-890a-5206b2a004f4/",No,No,N/A
RG456-05/RG456-05-06/RG456-05-06-03-001.wav,WaveformAudio(PCMWAVEFORMAT),No "https://archtorontomu.scholarsportal.info/task/674090df-1077-4d57-93cd-00f933f8b7b2/",No,N/A,Yes,Yes "https://archtorontomu.scholarsportal.info/task/325d4243-65b0-462a-a1ef-76a31df3b2ea/",No,No,N/A
RG456-05/RG456-05-06/RG456-05-06-14-003.wav,WaveformAudio(PCMWAVEFORMAT),No "https://archtorontomu.scholarsportal.info/task/ab9eb664-96d2-417c-8760-f0ab09805321/",No,N/A,Yes,Yes "https://archtorontomu.scholarsportal.info/task/d0942db1-b72d-47af-93ce-dee369fd9afb/",No,No,N/A
RG456-05/RG456-05-06/RG456-05-06-23-001.wav,WaveformAudio(PCMWAVEFORMAT),No "https://archtorontomu.scholarsportal.info/task/bb6f1812-89a0-4726-8bcf-6a906b7eabd1/",No,N/A,Yes,Yes "https://archtorontomu.scholarsportal.info/task/3712dda6-171e-4754-bdff-db34122cea32/",No,No,N/A
RG456-05/RG456-05-06/RG456-05-06-10-004.wav,WaveformAudio(PCMWAVEFORMAT),No "https://archtorontomu.scholarsportal.info/task/d140fb30-7c0b-47ed-b6f6-1e9d1e449afd/",No,N/A,Yes,Yes "https://archtorontomu.scholarsportal.info/task/9efaa1a9-6213-47de-9c49-c0c8851bcdf7/",No,No,N/A
RG456-05/RG456-05-06/RG456-05-06-24-002.wav,WaveformAudio(PCMWAVEFORMAT),No "https://archtorontomu.scholarsportal.info/task/90cef731-b395-49b4-ae6e-6807513bda60/",No,N/A,Yes,Yes "https://archtorontomu.scholarsportal.info/task/8bd23ca0-c401-4c60-b9ba-b18059ab8582/",No,No,N/A
RG456-05/RG456-05-10/WOM_MLK_January_20.mp3,MPEG1/2AudioLayer3,Yes "https://archtorontomu.scholarsportal.info/task/1290d116-ea87-4821-91bd-187702a0be5b/",No,Passed "https://archtorontomu.scholarsportal.info/task/571caa33-cd4e-464b-bb6a-00be9cf889c5/",No,Yes "https://archtorontomu.scholarsportal.info/task/121a5c56-8a86-40b9-a9e0-bb852dd4dd48/",No,No,Passed "https://archtorontomu.scholarsportal.info/task/8a763771-7d54-4a7d-8440-f0e0f462792f/"
RG456-05/RG456-05-06/RG456-05-06-25-003.wav,WaveformAudio(PCMWAVEFORMAT),No "https://archtorontomu.scholarsportal.info/task/2201beec-2c9e-4e3b-8196-2ceb9ff6fe7f/",No,N/A,Yes,Yes "https://archtorontomu.scholarsportal.info/task/9fc3c126-4d90-4a4e-8ee6-52ad24a50fb5/",No,No,N/A
RG456-05/RG456-05-07/RG456-05-07-009.wav,WaveformAudio(PCMWAVEFORMAT),No "https://archtorontomu.scholarsportal.info/task/bc54b762-86c0-47cf-bec1-8e3814612d15/",No,N/A,Yes,Yes "https://archtorontomu.scholarsportal.info/task/6eeffc6e-9649-4c99-9b4b-21008b99c725/",No,No,N/A
RG456-05/RG456-05-06/RG456-05-06-23-004.wav,WaveformAudio(PCMWAVEFORMAT),No "https://archtorontomu.scholarsportal.info/task/dd26464d-40a6-450d-a050-f2ea648ee1d8/",No,N/A,Yes,Yes "https://archtorontomu.scholarsportal.info/task/890d6bec-cc4b-49dc-a1bb-3f7a42435155/",No,No,N/A
RG456-05/RG456-05-06/RG456-05-06-21-001.wav,WaveformAudio(PCMWAVEFORMAT),No "https://archtorontomu.scholarsportal.info/task/06260f05-5a1e-4bf3-94b5-06c09ce6f625/",No,N/A,Yes,Yes "https://archtorontomu.scholarsportal.info/task/8bbe2117-a386-45b6-942a-ae2984ba7a9b/",No,No,N/A
RG456-05/RG456-05-06/RG456-05-06-04-003.wav,WaveformAudio(PCMWAVEFORMAT),No "https://archtorontomu.scholarsportal.info/task/50903137-37b8-47bc-9173-633bbf4dbbb1/",No,N/A,Yes,Yes "https://archtorontomu.scholarsportal.info/task/54e4634e-5093-447d-a8fc-91990f9fdf03/",No,No,N/A
RG456-05/RG456-05-06/RG456-05-06-20-004.wav,WaveformAudio(PCMWAVEFORMAT),No "https://archtorontomu.scholarsportal.info/task/6761ae23-ce68-45e4-914f-c1fda1b29518/",No,N/A,Yes,Yes "https://archtorontomu.scholarsportal.info/task/fd404737-affc-4afc-9907-da9ae858baa0/",No,No,N/A
RG456-05/RG456-05-06/RG456-05-06-13-001.wav,WaveformAudio(PCMWAVEFORMAT),No "https://archtorontomu.scholarsportal.info/task/92bf32e2-84b0-419b-a2ab-f5e6057c39a9/",No,N/A,Yes,Yes "https://archtorontomu.scholarsportal.info/task/2b866145-eca2-47a1-a9c9-faac31fccb44/",No,No,N/A
RG456-05/RG456-05-06/RG456-05-06-16-001.wav,WaveformAudio(PCMWAVEFORMAT),No "https://archtorontomu.scholarsportal.info/task/b64f9307-97ac-4955-831e-cd2a2c8b259a/",No,N/A,Yes,Yes "https://archtorontomu.scholarsportal.info/task/bb211755-9560-480d-ba9e-53b9886e5c6f/",No,No,N/A
RG456-05/RG456-05-06/RG456-05-06-18-002.wav,WaveformAudio(PCMWAVEFORMAT),No "https://archtorontomu.scholarsportal.info/task/28d23ffc-f063-45bb-9281-d120f21bcad9/",No,N/A,Yes,Yes "https://archtorontomu.scholarsportal.info/task/5e4fc920-f35f-415a-8f1e-27f647331839/",No,No,N/A
RG456-05/RG456-05-06/RG456-05-06-33-004.wav,WaveformAudio(PCMWAVEFORMAT),No "https://archtorontomu.scholarsportal.info/task/a3de96db-2c65-491d-82d3-2ad43a7df938/",No,N/A,Yes,Yes "https://archtorontomu.scholarsportal.info/task/bddc046c-d40c-4782-be2d-d27ae5b21d8c/",No,No,N/A
RG456-05/RG456-05-07/RG456-05-07-005.wav,WaveformAudio(PCMWAVEFORMAT),No "https://archtorontomu.scholarsportal.info/task/6be67472-b473-460c-9567-68557de288b6/",No,N/A,Yes,Yes "https://archtorontomu.scholarsportal.info/task/fb1deb5d-e06f-4ba8-8c63-eee16ef6f393/",No,No,N/A
RG456-05/RG456-05-06/RG456-05-06-30-003.wav,WaveformAudio(PCMWAVEFORMAT),No "https://archtorontomu.scholarsportal.info/task/dff91969-6210-4a23-a52c-5fe538471385/",No,N/A,Yes,Yes "https://archtorontomu.scholarsportal.info/task/6e6fd983-aba5-45ec-a0e1-395cda0ccc2e/",No,No,N/A
RG456-05/RG456-05-01/RG456-05-01-012.mp3,MPEG1/2AudioLayer3,Yes "https://archtorontomu.scholarsportal.info/task/8cf8fc64-dc1c-4de8-a844-60a612f47040/",No,Passed "https://archtorontomu.scholarsportal.info/task/fea8338f-fa91-40a0-a62e-7930bbca3efe/",No,Yes "https://archtorontomu.scholarsportal.info/task/dc7ee99d-fded-41ae-a564-42945fbe5be8/",No,No,Passed "https://archtorontomu.scholarsportal.info/task/0efe1f2d-2455-482e-9f63-e3683e789cb2/"
RG456-05/RG456-05-06/RG456-05-06-24-004.wav,WaveformAudio(PCMWAVEFORMAT),No "https://archtorontomu.scholarsportal.info/task/f5272d40-b2b6-4199-8f4d-e206fba6fcf3/",No,N/A,Yes,Yes "https://archtorontomu.scholarsportal.info/task/1da76a2f-2b80-4b9b-b6e3-df5463be66d2/",No,No,N/A
RG456-05/RG456-05-06/RG456-05-06-16-004.wav,WaveformAudio(PCMWAVEFORMAT),No "https://archtorontomu.scholarsportal.info/task/d089f0b2-7e8b-46ec-95aa-c5a0162c5773/",No,N/A,Yes,Yes "https://archtorontomu.scholarsportal.info/task/a41fd460-c459-43ab-a49e-05e33a71de96/",No,No,N/A
RG456-05/RG456-05-06/RG456-05-06-28-003.wav,WaveformAudio(PCMWAVEFORMAT),No "https://archtorontomu.scholarsportal.info/task/1959dfe4-d31a-444f-b495-3b4955e7e7cc/",No,N/A,Yes,Yes "https://archtorontomu.scholarsportal.info/task/35433e10-5f20-4e61-b6b8-4640127ae3cb/",No,No,N/A
RG456-05/RG456-05-06/RG456-05-06-10-003.wav,WaveformAudio(PCMWAVEFORMAT),No "https://archtorontomu.scholarsportal.info/task/db2d5101-d68a-4157-a398-2e5f3cb837d3/",No,N/A,Yes,Yes "https://archtorontomu.scholarsportal.info/task/bfbfb053-1913-4d30-8333-8601169eb750/",No,No,N/A
RG456-05/RG456-05-06/RG456-05-06-22-003.wav,WaveformAudio(PCMWAVEFORMAT),No "https://archtorontomu.scholarsportal.info/task/ef74c285-59a9-486e-af5c-8dde34c69887/",No,N/A,Yes,Yes "https://archtorontomu.scholarsportal.info/task/f0e97ea5-98ba-4615-8c90-f1f3064a0da0/",No,No,N/A
RG456-05/RG456-05-07/RG456-05-07-003.wav,WaveformAudio(PCMWAVEFORMAT),No "https://archtorontomu.scholarsportal.info/task/8bb1d8ce-a4c5-4b91-95e4-72e759a0e4af/",No,N/A,Yes,Yes "https://archtorontomu.scholarsportal.info/task/ae1c6d1a-cc4c-4366-bc97-538dac81110e/",No,No,N/A
RG456-05/RG456-05-06/RG456-05-06-01-002.wav,WaveformAudio(PCMWAVEFORMAT),No "https://archtorontomu.scholarsportal.info/task/395978b2-1ed4-4945-80cb-04d239aa2c24/",No,N/A,Yes,Yes "https://archtorontomu.scholarsportal.info/task/28bc47ff-63e7-49ae-b48d-1570b21e3d47/",No,No,N/A
RG456-05/RG456-05-06/RG456-05-06-31-002.wav,WaveformAudio(PCMWAVEFORMAT),No "https://archtorontomu.scholarsportal.info/task/df40d731-d6b9-47b4-ae0d-4a776b3a87a7/",No,N/A,Yes,Yes "https://archtorontomu.scholarsportal.info/task/609a998a-a6a8-4a90-a628-82101318c82f/",No,No,N/A
RG456-05/RG456-05-06/RG456-05-06-24-001.wav,WaveformAudio(PCMWAVEFORMAT),No "https://archtorontomu.scholarsportal.info/task/4c9e1a15-7d53-4b56-bf1a-628b7a65740e/",No,N/A,Yes,Yes "https://archtorontomu.scholarsportal.info/task/64d7e143-5ed3-461b-9935-1f5eeae80406/",No,No,N/A
RG456-05/RG456-05-06/RG456-05-06-29-002.wav,WaveformAudio(PCMWAVEFORMAT),No "https://archtorontomu.scholarsportal.info/task/ac729ff2-a0ff-4621-b606-d625e9934c2e/",No,N/A,Yes,Yes "https://archtorontomu.scholarsportal.info/task/8311e685-e462-482f-a922-fd18511894cf/",No,No,N/A
RG456-05/RG456-05-06/RG456-05-06-29-003.wav,WaveformAudio(PCMWAVEFORMAT),No "https://archtorontomu.scholarsportal.info/task/25ee393c-f1f2-4b74-ba4e-f40bc01e4d25/",No,N/A,Yes,Yes "https://archtorontomu.scholarsportal.info/task/7622eb41-c772-444b-8308-2b8472913113/",No,No,N/A
RG456-05/RG456-05-06/RG456-05-06-12-003.wav,WaveformAudio(PCMWAVEFORMAT),No "https://archtorontomu.scholarsportal.info/task/2844dd65-38e0-44a4-b511-6f3bd698d040/",No,N/A,Yes,Yes "https://archtorontomu.scholarsportal.info/task/727c6325-9e82-4e4e-8939-b01602409e98/",No,No,N/A
RG456-05/RG456-05-06/RG456-05-06-21-002.wav,WaveformAudio(PCMWAVEFORMAT),No "https://archtorontomu.scholarsportal.info/task/82d2aafb-a90f-42c4-ada1-1333cc15b625/",No,N/A,Yes,Yes "https://archtorontomu.scholarsportal.info/task/a8cb59bc-8ff6-4ce8-89ce-55a9ad87c47e/",No,No,N/A
RG456-05/RG456-05-06/RG456-05-06-15-001.wav,WaveformAudio(PCMWAVEFORMAT),No "https://archtorontomu.scholarsportal.info/task/e622e991-ff46-4168-8c06-42bb40f7f794/",No,N/A,Yes,Yes "https://archtorontomu.scholarsportal.info/task/d8bb7567-4742-4845-b30f-f80a121596ed/",No,No,N/A
RG456-05/RG456-05-01/RG456-05-01-023.mp3,MPEG1/2AudioLayer3,Yes "https://archtorontomu.scholarsportal.info/task/7b0903dc-22b7-482f-b508-32cd989bb5a9/",No,Passed "https://archtorontomu.scholarsportal.info/task/6e98a6fa-a8d0-40dd-b1ea-915d99e9e8bb/",No,Yes "https://archtorontomu.scholarsportal.info/task/ebbc7fd2-1f54-4bc5-8f4f-31c6f872132a/",No,No,Passed "https://archtorontomu.scholarsportal.info/task/98172fb8-63f5-4aeb-a2d0-31c805687908/"
RG456-05/RG456-05-06/RG456-05-06-20-001.wav,WaveformAudio(PCMWAVEFORMAT),No "https://archtorontomu.scholarsportal.info/task/5583f21d-c71b-425d-a5ea-71ac7c764235/",No,N/A,Yes,Yes "https://archtorontomu.scholarsportal.info/task/1417b41b-97c6-41ad-8375-7dbc6ddbaf50/",No,No,N/A
RG456-05/RG456-05-06/RG456-05-06-11-001.wav,WaveformAudio(PCMWAVEFORMAT),No "https://archtorontomu.scholarsportal.info/task/7f33780b-1021-4b1c-b1b0-b6c0cb77622f/",No,N/A,Yes,Yes "https://archtorontomu.scholarsportal.info/task/b1df7161-b028-4df4-ada6-7e97d294050b/",No,No,N/A
RG456-05/RG456-05-06/RG456-05-06-15-002.wav,WaveformAudio(PCMWAVEFORMAT),No "https://archtorontomu.scholarsportal.info/task/3bef5d8b-80b5-4ce8-95d9-4c887e6ef557/",No,N/A,Yes,Yes "https://archtorontomu.scholarsportal.info/task/fd923266-5334-4dce-bba9-b9d893399cbe/",No,No,N/A
RG456-05/RG456-05-06/RG456-05-06-19-004.wav,WaveformAudio(PCMWAVEFORMAT),No "https://archtorontomu.scholarsportal.info/task/527750dc-b092-4ccc-8f40-591052265aad/",No,N/A,Yes,Yes "https://archtorontomu.scholarsportal.info/task/c5209441-14fc-4be8-8ddb-0050def38187/",No,No,N/A
RG456-05/RG456-05-06/RG456-05-06-09-002.wav,WaveformAudio(PCMWAVEFORMAT),No "https://archtorontomu.scholarsportal.info/task/2d5892cb-50ea-4bb6-98d2-fdb3c78d1ad1/",No,N/A,Yes,Yes "https://archtorontomu.scholarsportal.info/task/6302996a-41f9-4d47-9ecf-840657dc493a/",No,No,N/A
RG456-05/RG456-05-01/RG456-05-01-025.mp3,MPEG1/2AudioLayer3,Yes "https://archtorontomu.scholarsportal.info/task/f5a1560a-0e85-4523-b89b-53b36f423118/",No,Passed "https://archtorontomu.scholarsportal.info/task/57bf9b95-3c81-4330-be5e-64e87552fe6e/",No,Yes "https://archtorontomu.scholarsportal.info/task/b2f1ceea-e293-45bc-b0ef-9891f0c4a399/",No,No,Passed "https://archtorontomu.scholarsportal.info/task/fef6107a-6cdd-4626-9ae1-a870f2a01f84/"
RG456-05/RG456-05-01/RG456-05-01-026.mp3,MPEG1/2AudioLayer3,Yes "https://archtorontomu.scholarsportal.info/task/18e503b8-228c-44b6-87af-956c4c8e89c7/",No,Passed "https://archtorontomu.scholarsportal.info/task/22d665d3-046a-47fc-8526-b8a899e35e48/",No,Yes "https://archtorontomu.scholarsportal.info/task/ba6e5297-c37a-4873-92c6-61ab3fe6592b/",No,No,Passed "https://archtorontomu.scholarsportal.info/task/55b337f7-4efa-462c-84c4-0b407ec2a606/"
RG456-05/RG456-05-01/RG456-05-01-021.mp3,MPEG1/2AudioLayer3,Yes "https://archtorontomu.scholarsportal.info/task/33354a13-eb77-46a0-96a6-8a69c96a0dd4/",No,Passed "https://archtorontomu.scholarsportal.info/task/57cd5155-210e-4354-bb1f-07bd7060cfad/",No,Yes "https://archtorontomu.scholarsportal.info/task/86a84166-e0de-4446-bb1e-469014ebd7f6/",No,No,Passed "https://archtorontomu.scholarsportal.info/task/cc2dbb4d-5890-43fa-bd5c-db9e99faaf7d/"
RG456-05/RG456-05-07/RG456-05-07-011.wav,WaveformAudio(PCMWAVEFORMAT),No "https://archtorontomu.scholarsportal.info/task/97d5b0d3-56ce-4d1c-8bc9-7ed155eb7dd3/",No,N/A,Yes,Yes "https://archtorontomu.scholarsportal.info/task/5c880948-4d36-4f33-9de6-de4fc61202c1/",No,No,N/A
RG456-05/RG456-05-01/RG456-05-01-019.mp3,MPEG1/2AudioLayer3,Yes "https://archtorontomu.scholarsportal.info/task/9d63d4cf-13ed-4c73-b198-c5152d6e3c14/",No,Passed "https://archtorontomu.scholarsportal.info/task/10288361-c6a9-4a72-ba16-c3451de981bd/",No,Yes "https://archtorontomu.scholarsportal.info/task/c22c0c1b-9c03-4cd8-8255-98dcdc4b28c1/",No,No,Passed "https://archtorontomu.scholarsportal.info/task/afce0e6b-0a08-41ea-9dfa-1f25ca8b7c27/"
RG456-05/RG456-05-06/RG456-05-06-08-004.wav,WaveformAudio(PCMWAVEFORMAT),No "https://archtorontomu.scholarsportal.info/task/8b9a94c3-7fdc-4cf7-a353-37275f772df8/",No,N/A,Yes,Yes "https://archtorontomu.scholarsportal.info/task/2a57f08b-3305-4d22-9931-22e324b283c9/",No,No,N/A
RG456-05/RG456-05-06/RG456-05-06-05-003.wav,WaveformAudio(PCMWAVEFORMAT),No "https://archtorontomu.scholarsportal.info/task/24e1f99f-62e7-4712-b49d-8f45be094e1d/",No,N/A,Yes,Yes "https://archtorontomu.scholarsportal.info/task/f812f761-a6b3-43a8-a9e4-66369566d5f7/",No,No,N/A
RG456-05/RG456-05-06/RG456-05-06-08-002.wav,WaveformAudio(PCMWAVEFORMAT),No "https://archtorontomu.scholarsportal.info/task/9a11c967-b245-4ecc-a8ac-a473cd60e9fc/",No,N/A,Yes,Yes "https://archtorontomu.scholarsportal.info/task/a5548249-65a2-46ac-9e87-f3dd7f0921d3/",No,No,N/A
RG456-05/RG456-05-06/RG456-05-06-21-004.wav,WaveformAudio(PCMWAVEFORMAT),No "https://archtorontomu.scholarsportal.info/task/afd00615-8aac-448c-a54e-88d16473348c/",No,N/A,Yes,Yes "https://archtorontomu.scholarsportal.info/task/4b2a6c51-a34c-4e9a-addc-4b15422baa10/",No,No,N/A
RG456-05/RG456-05-06/RG456-05-06-25-004.wav,WaveformAudio(PCMWAVEFORMAT),No "https://archtorontomu.scholarsportal.info/task/ebc3fdce-2999-4c10-b432-fa827144e3c0/",No,N/A,Yes,Yes "https://archtorontomu.scholarsportal.info/task/10d89991-9b0c-4439-8eef-54b745d62f9c/",No,No,N/A
RG456-05/RG456-05-06/RG456-05-06-10-002.wav,WaveformAudio(PCMWAVEFORMAT),No "https://archtorontomu.scholarsportal.info/task/2fec7238-7eed-4395-80f8-90fb2f4ab14e/",No,N/A,Yes,Yes "https://archtorontomu.scholarsportal.info/task/05e0fb06-2395-4436-85bd-5ff219752f44/",No,No,N/A
RG456-05/RG456-05-06/RG456-05-06-17-001.wav,WaveformAudio(PCMWAVEFORMAT),No "https://archtorontomu.scholarsportal.info/task/f4dee93b-6ef2-4952-96e0-d958ec70a081/",No,N/A,Yes,Yes "https://archtorontomu.scholarsportal.info/task/8539ba11-0135-4999-98c7-9771abf2c281/",No,No,N/A
RG456-05/RG456-05-06/RG456-05-06-28-001.wav,WaveformAudio(PCMWAVEFORMAT),No "https://archtorontomu.scholarsportal.info/task/05f67b58-ffac-4ecc-9b6c-c54607bf7350/",No,N/A,Yes,Yes "https://archtorontomu.scholarsportal.info/task/f5f8afa3-0812-4623-94b3-500e4268fdf3/",No,No,N/A
RG456-05/RG456-05-06/RG456-05-06-18-003.wav,WaveformAudio(PCMWAVEFORMAT),No "https://archtorontomu.scholarsportal.info/task/f694c4fc-7df8-4a00-b109-4b953cf24c53/",No,N/A,Yes,Yes "https://archtorontomu.scholarsportal.info/task/e1291b9e-e030-45d3-9163-9a66149b2e6c/",No,No,N/A
RG456-05/RG456-05-06/RG456-05-06-16-002.wav,WaveformAudio(PCMWAVEFORMAT),No "https://archtorontomu.scholarsportal.info/task/863e424a-a30c-490e-899e-0c1959783f69/",No,N/A,Yes,Yes "https://archtorontomu.scholarsportal.info/task/c3fcd0d7-cfd8-4e23-95ef-7dc906e1c2f3/",No,No,N/A
RG456-05/RG456-05-06/RG456-05-06-02-001.wav,WaveformAudio(PCMWAVEFORMAT),No "https://archtorontomu.scholarsportal.info/task/de55e7f0-b5df-41e6-adad-596d2e71ab5b/",No,N/A,Yes,Yes "https://archtorontomu.scholarsportal.info/task/e9bddc30-1d49-4788-b425-236bc8a7a44b/",No,No,N/A
RG456-05/RG456-05-06/RG456-05-06-01-001.wav,WaveformAudio(PCMWAVEFORMAT),No "https://archtorontomu.scholarsportal.info/task/6d1c2f49-33ef-47b4-98d8-b5ac28a32fc5/",No,N/A,Yes,Yes "https://archtorontomu.scholarsportal.info/task/539165a7-9ade-43a4-8880-a03d8262f0c2/",No,No,N/A
RG456-05/RG456-05-06/RG456-05-06-18-004.wav,WaveformAudio(PCMWAVEFORMAT),No "https://archtorontomu.scholarsportal.info/task/f456fa53-5176-4892-856a-9512eb4e1ed2/",No,N/A,Yes,Yes "https://archtorontomu.scholarsportal.info/task/a6ce446e-4310-4f4b-925e-e0bffb37766a/",No,No,N/A
RG456-05/RG456-05-06/RG456-05-06-22-001.wav,WaveformAudio(PCMWAVEFORMAT),No "https://archtorontomu.scholarsportal.info/task/74560f51-0ca6-48ce-bd04-aa888341f6ca/",No,N/A,Yes,Yes "https://archtorontomu.scholarsportal.info/task/759f192c-c0e5-46b5-a487-0fda20f03a55/",No,No,N/A
RG456-05/RG456-05-06/RG456-05-06-14-001.wav,WaveformAudio(PCMWAVEFORMAT),No "https://archtorontomu.scholarsportal.info/task/3eb2fb80-20dd-4ae0-8fa5-f15b2f5490fc/",No,N/A,Yes,Yes "https://archtorontomu.scholarsportal.info/task/8ddb727d-4082-43e9-97a2-55a48cc40f9b/",No,No,N/A
RG456-05/RG456-05-06/RG456-05-06-30-001.wav,WaveformAudio(PCMWAVEFORMAT),No "https://archtorontomu.scholarsportal.info/task/f445ae9f-2fce-4973-a6d5-27161ac44d47/",No,N/A,Yes,Yes "https://archtorontomu.scholarsportal.info/task/29ad86ae-6b75-4cb1-92f8-694e68046cc5/",No,No,N/A
RG456-05/RG456-05-06/RG456-05-06-08-003.wav,WaveformAudio(PCMWAVEFORMAT),No "https://archtorontomu.scholarsportal.info/task/bfc63097-561d-4e51-9422-a31f8d956c34/",No,N/A,Yes,Yes "https://archtorontomu.scholarsportal.info/task/e0e5a2ec-ad72-4936-ba9e-f5c78a379e7f/",No,No,N/A
RG456-05/RG456-05-06/RG456-05-06-15-003.wav,WaveformAudio(PCMWAVEFORMAT),No "https://archtorontomu.scholarsportal.info/task/557c2bf7-bc50-4a13-840e-a1e96da22100/",No,N/A,Yes,Yes "https://archtorontomu.scholarsportal.info/task/d5262434-6b09-4dcf-9cd5-b986c8bdae8f/",No,No,N/A
RG456-05/RG456-05-10/WOM_Deborah_Wandell.wav,WaveformAudio(PCMWAVEFORMAT),No "https://archtorontomu.scholarsportal.info/task/984f45f9-3260-483e-9788-e1bef56f8e23/",No,N/A,Yes,Yes "https://archtorontomu.scholarsportal.info/task/78bec4e7-a339-4724-a955-ac9e822640f5/",No,No,Passed "https://archtorontomu.scholarsportal.info/task/9c975c69-ea97-4a90-8c1c-d331f62efa54/"
RG456-05/RG456-05-07/RG456-05-07-001.wav,WaveformAudio(PCMWAVEFORMAT),No "https://archtorontomu.scholarsportal.info/task/1c56d83c-4837-45c3-aa38-8747a03cdd8f/",No,N/A,Yes,Yes "https://archtorontomu.scholarsportal.info/task/80e782f8-1843-40d4-a170-c049fc394a00/",No,No,N/A
RG456-05/RG456-05-06/RG456-05-06-10-001.wav,WaveformAudio(PCMWAVEFORMAT),No "https://archtorontomu.scholarsportal.info/task/5bcb3b6d-52dd-47ba-ae73-302a477d058b/",No,N/A,Yes,Yes "https://archtorontomu.scholarsportal.info/task/ab09fc61-56a9-49e1-9ac9-18b84a1ae1c4/",No,No,N/A
RG456-05/RG456-05-06/RG456-05-06-32-002.wav,WaveformAudio(PCMWAVEFORMAT),No "https://archtorontomu.scholarsportal.info/task/f0ce0daa-9f58-4510-8fd1-c67a5db22746/",No,N/A,Yes,Yes "https://archtorontomu.scholarsportal.info/task/0e6ca3ef-1bc3-481b-9b15-113f304363d6/",No,No,N/A
RG456-05/RG456-05-10/WOM_Deborah_Wandell.mp3,MPEG1/2AudioLayer3,Yes "https://archtorontomu.scholarsportal.info/task/60bc2a48-51dc-4b20-bba9-df42a9d9a808/",No,Passed "https://archtorontomu.scholarsportal.info/task/df5210d9-4430-4598-9db0-002285da85f5/",No,Yes "https://archtorontomu.scholarsportal.info/task/52f3453d-a021-48eb-9b97-8d625e6d4b20/",No,No,Passed "https://archtorontomu.scholarsportal.info/task/1728d092-029d-452d-bcfe-eb084c8e658f/"
RG456-05/RG456-05-01/RG456-05-01-013.mp3,MPEG1/2AudioLayer3,Yes "https://archtorontomu.scholarsportal.info/task/c5f90068-9e7e-4077-98d5-3db8ef89fa73/",No,Passed "https://archtorontomu.scholarsportal.info/task/5d7a74e4-08cc-48ec-8e6d-f864156b7fbd/",No,Yes "https://archtorontomu.scholarsportal.info/task/8570befb-7990-43c7-a35d-2cde71f6698c/",No,No,Passed "https://archtorontomu.scholarsportal.info/task/1635a1b9-5a0d-4598-8d60-3c56217cef83/"
RG456-05/RG456-05-01/RG456-05-01-020.mp3,MPEG1/2AudioLayer3,Yes "https://archtorontomu.scholarsportal.info/task/83aff7d3-e8dd-4547-b5de-273aefd8c999/",No,Passed "https://archtorontomu.scholarsportal.info/task/2c6df419-3142-4709-bbf2-3facc923439f/",No,Yes "https://archtorontomu.scholarsportal.info/task/9ea036a5-c99d-405a-896d-278c5fcd9bf2/",No,No,Passed "https://archtorontomu.scholarsportal.info/task/26e43971-f86a-4f06-bf3f-511570f2eab0/"
RG456-05/RG456-05-01/RG456-05-01-006.mp3,MPEG1/2AudioLayer3,Yes "https://archtorontomu.scholarsportal.info/task/8529c0b8-c793-4f07-8fe7-615c990804b2/",No,Passed "https://archtorontomu.scholarsportal.info/task/4756b59f-3dc6-4ad7-9dd1-20476c331212/",No,Yes "https://archtorontomu.scholarsportal.info/task/c4f4237f-0389-47a4-99c2-527c08a32e49/",No,No,Passed "https://archtorontomu.scholarsportal.info/task/43676e96-25e4-4fbf-a08e-a48f37e4aba9/"
RG456-05/RG456-05-01/RG456-05-01-009.mp3,MPEG1/2AudioLayer3,Yes "https://archtorontomu.scholarsportal.info/task/fb818864-0dc8-41c9-8bcc-989402940f59/",No,Passed "https://archtorontomu.scholarsportal.info/task/ffee7567-9203-49ce-b58d-57ce7226378b/",No,Yes "https://archtorontomu.scholarsportal.info/task/3f4a8dc5-a42d-483e-9804-7d3ff2c02a39/",No,No,Passed "https://archtorontomu.scholarsportal.info/task/e735f749-f45d-447e-adb7-774bb85e2aee/"
RG456-05/RG456-05-01/RG456-05-01-002.mp3,MPEG1/2AudioLayer3,Yes "https://archtorontomu.scholarsportal.info/task/1faac2ef-7a3e-4ca0-9e0f-cbae3f53dfee/",No,Passed "https://archtorontomu.scholarsportal.info/task/620133f0-3139-46e1-83f1-36daffc280ad/",No,Yes "https://archtorontomu.scholarsportal.info/task/734cb918-fae6-468c-a65c-678f055b3f06/",No,No,Passed "https://archtorontomu.scholarsportal.info/task/c556246b-602b-45f5-b748-0a47b1659fb0/"
RG456-05/RG456-05-06/RG456-05-06-09-004.wav,WaveformAudio(PCMWAVEFORMAT),No "https://archtorontomu.scholarsportal.info/task/7f25ebdf-1220-4225-932c-bfdf323a3bb9/",No,N/A,Yes,Yes "https://archtorontomu.scholarsportal.info/task/84ed15bc-b4ec-45c0-bbeb-29affbcb37f8/",No,No,N/A
RG456-05/RG456-05-06/RG456-05-06-17-002.wav,WaveformAudio(PCMWAVEFORMAT),No "https://archtorontomu.scholarsportal.info/task/b2d0bfd2-0ed7-4bf3-845e-6d4a9adc7ff2/",No,N/A,Yes,Yes "https://archtorontomu.scholarsportal.info/task/054f8466-4379-42a9-a6a2-c1c340d77f25/",No,No,N/A
RG456-05/RG456-05-06/RG456-05-06-33-003.wav,WaveformAudio(PCMWAVEFORMAT),No "https://archtorontomu.scholarsportal.info/task/c1e06eb0-3177-4c84-9eaf-5838f03f2e81/",No,N/A,Yes,Yes "https://archtorontomu.scholarsportal.info/task/da120f54-9d3d-4edb-b642-7757ad01df03/",No,No,N/A
RG456-05/RG456-05-06/RG456-05-06-23-002.wav,WaveformAudio(PCMWAVEFORMAT),No "https://archtorontomu.scholarsportal.info/task/55fa4918-65d8-472f-9865-4bb06b931205/",No,N/A,Yes,Yes "https://archtorontomu.scholarsportal.info/task/e0ebc56d-cd37-40e9-86a1-03e9030d31e3/",No,No,N/A
RG456-05/RG456-05-06/RG456-05-06-19-002.wav,WaveformAudio(PCMWAVEFORMAT),No "https://archtorontomu.scholarsportal.info/task/73b08832-b858-444d-a80d-2a0a4d2b1707/",No,N/A,Yes,Yes "https://archtorontomu.scholarsportal.info/task/2ad0b2ed-ff99-4630-98b3-ebee60ec30f7/",No,No,N/A
RG456-05/RG456-05-06/RG456-05-06-04-001.wav,WaveformAudio(PCMWAVEFORMAT),No "https://archtorontomu.scholarsportal.info/task/b07635d4-48d3-4036-9170-6ee1a01cf664/",No,N/A,Yes,Yes "https://archtorontomu.scholarsportal.info/task/79fe6edf-7696-4455-8026-c0559b752bf0/",No,No,N/A
RG456-05/RG456-05-06/RG456-05-06-09-003.wav,WaveformAudio(PCMWAVEFORMAT),No "https://archtorontomu.scholarsportal.info/task/fb44e844-1e60-4b5f-8b22-79094b2ad2bf/",No,N/A,Yes,Yes "https://archtorontomu.scholarsportal.info/task/47c4765d-941d-4b94-b69f-feb56d9ade84/",No,No,N/A
RG456-05/RG456-05-06/RG456-05-06-11-002.wav,WaveformAudio(PCMWAVEFORMAT),No "https://archtorontomu.scholarsportal.info/task/3a9242b0-aaa6-40ae-bb22-4bf3e0702106/",No,N/A,Yes,Yes "https://archtorontomu.scholarsportal.info/task/f8c4f87f-6fc0-4b7b-8f70-1b57c5cc1524/",No,No,N/A
RG456-05/RG456-05-06/RG456-05-06-03-002.wav,WaveformAudio(PCMWAVEFORMAT),No "https://archtorontomu.scholarsportal.info/task/db59f371-3323-4ce3-8810-b5a884022b1f/",No,N/A,Yes,Yes "https://archtorontomu.scholarsportal.info/task/23162e7d-a720-4557-a09c-a3d8109b3fe9/",No,No,N/A
RG456-05/RG456-05-06/RG456-05-06-25-002.wav,WaveformAudio(PCMWAVEFORMAT),No "https://archtorontomu.scholarsportal.info/task/7f5c988f-d589-4e83-91f8-ada551048851/",No,N/A,Yes,Yes "https://archtorontomu.scholarsportal.info/task/34d8af85-2dac-4458-98b3-2d8a091ab569/",No,No,N/A
RG456-05/RG456-05-01/RG456-05-01-022.mp3,MPEG1/2AudioLayer3,Yes "https://archtorontomu.scholarsportal.info/task/8dde6895-ffc3-469f-8c5d-149d8436781d/",No,Passed "https://archtorontomu.scholarsportal.info/task/24dc44b5-78b7-4a65-95d8-24eed06fa870/",No,Yes "https://archtorontomu.scholarsportal.info/task/09d7520c-3629-4de5-b731-94af7c0944b4/",No,No,Passed "https://archtorontomu.scholarsportal.info/task/96325c37-5e28-41d4-a6dd-f51b00b7059d/"
RG456-05/RG456-05-06/RG456-05-06-32-004.wav,WaveformAudio(PCMWAVEFORMAT),No "https://archtorontomu.scholarsportal.info/task/a95972a2-f769-4453-bd52-627193514ade/",No,N/A,Yes,Yes "https://archtorontomu.scholarsportal.info/task/1ef5a181-205a-4239-b5dd-1d07555ca3be/",No,No,N/A
RG456-05/RG456-05-06/RG456-05-06-33-001.wav,WaveformAudio(PCMWAVEFORMAT),No "https://archtorontomu.scholarsportal.info/task/f444b92f-6488-4b81-8252-d23ea397b758/",No,N/A,Yes,Yes "https://archtorontomu.scholarsportal.info/task/d1dd4250-2f40-4157-9021-c52d333eaaaf/",No,No,N/A
RG456-05/RG456-05-06/RG456-05-06-06-002.wav,WaveformAudio(PCMWAVEFORMAT),No "https://archtorontomu.scholarsportal.info/task/723060eb-b73d-4085-9e4c-86b0246f0f5b/",No,N/A,Yes,Yes "https://archtorontomu.scholarsportal.info/task/664d5341-df3b-4631-9093-5bbe805c4945/",No,No,N/A
RG456-05/RG456-05-06/RG456-05-06-28-002.wav,WaveformAudio(PCMWAVEFORMAT),No "https://archtorontomu.scholarsportal.info/task/b641926c-9fe5-41b3-b7f6-18b87300f1f4/",No,N/A,Yes,Yes "https://archtorontomu.scholarsportal.info/task/a31e5128-1037-465d-8fd1-c7e6c64ebc45/",No,No,N/A
RG456-05/RG456-05-06/RG456-05-06-15-004.wav,WaveformAudio(PCMWAVEFORMAT),No "https://archtorontomu.scholarsportal.info/task/f7b9677d-b014-45d9-a25c-0befc182bec2/",No,N/A,Yes,Yes "https://archtorontomu.scholarsportal.info/task/0df5286c-c9ae-49d2-958c-dec77a8f33d5/",No,No,N/A
RG456-05/RG456-05-06/RG456-05-06-05-001.wav,WaveformAudio(PCMWAVEFORMAT),No "https://archtorontomu.scholarsportal.info/task/2cd04f7d-462d-49c9-8b54-c7d161268813/",No,N/A,Yes,Yes "https://archtorontomu.scholarsportal.info/task/cac57993-56ae-4ec8-931f-75258412f245/",No,No,N/A
RG456-05/RG456-05-06/RG456-05-06-30-004.wav,WaveformAudio(PCMWAVEFORMAT),No "https://archtorontomu.scholarsportal.info/task/3428b331-b28c-4ea4-8c14-90f36e0d911f/",No,N/A,Yes,Yes "https://archtorontomu.scholarsportal.info/task/898d71ef-77b6-473b-a545-f297865f99f3/",No,No,N/A
RG456-05/RG456-05-01/RG456-05-01-005.mp3,MPEG1/2AudioLayer3,Yes "https://archtorontomu.scholarsportal.info/task/84533cd4-ba2b-4b10-a790-4a5fcd386a4d/",No,Passed "https://archtorontomu.scholarsportal.info/task/7942eb98-aa7c-422a-bd30-1ab68705115d/",No,Yes "https://archtorontomu.scholarsportal.info/task/48091d98-20e4-4390-afa0-93b7c483bc8f/",No,No,Passed "https://archtorontomu.scholarsportal.info/task/17136fd9-9395-4cee-8111-6f03e7060e4e/"
RG456-05/RG456-05-01/RG456-05-01-015.mp3,MPEG1/2AudioLayer3,Yes "https://archtorontomu.scholarsportal.info/task/508e82a9-f1cb-4942-adc3-0b5ba51d442d/",No,Passed "https://archtorontomu.scholarsportal.info/task/a1e8241b-888c-474a-bc0b-a3872f142720/",No,Yes "https://archtorontomu.scholarsportal.info/task/f7767f93-7324-4a79-a3f9-3d693cbbc1a5/",No,No,Passed "https://archtorontomu.scholarsportal.info/task/79d8aee8-92bb-4894-bf9a-7f8f2cdc018e/"
RG456-05/RG456-05-06/RG456-05-06-18-001.wav,WaveformAudio(PCMWAVEFORMAT),No "https://archtorontomu.scholarsportal.info/task/d85931f8-4377-48c7-b9fc-220257ff0621/",No,N/A,Yes,Yes "https://archtorontomu.scholarsportal.info/task/666583a9-1104-445d-813a-aa4f4fd5a22e/",No,No,N/A
RG456-05/RG456-05-06/RG456-05-06-24-003.wav,WaveformAudio(PCMWAVEFORMAT),No "https://archtorontomu.scholarsportal.info/task/b9025092-70b2-46f5-a947-2bf86d2277e7/",No,N/A,Yes,Yes "https://archtorontomu.scholarsportal.info/task/466dce58-ee53-418d-90f7-15e8723eaaf8/",No,No,N/A
RG456-05/RG456-05-06/RG456-05-06-23-003.wav,WaveformAudio(PCMWAVEFORMAT),No "https://archtorontomu.scholarsportal.info/task/ded2ce5a-9e49-4eef-8f47-bfc6e7022f94/",No,N/A,Yes,Yes "https://archtorontomu.scholarsportal.info/task/1627c39e-21fc-4852-b96b-ff2432e14da4/",No,No,N/A
RG456-05/RG456-05-06/RG456-05-06-14-002.wav,WaveformAudio(PCMWAVEFORMAT),No "https://archtorontomu.scholarsportal.info/task/8f3ed3fb-03b3-4c96-ad49-5f80d867d972/",No,N/A,Yes,Yes "https://archtorontomu.scholarsportal.info/task/e102da33-e6f3-4821-93e6-78a4838158be/",No,No,N/A
RG456-05/RG456-05-06/RG456-05-06-29-004.wav,WaveformAudio(PCMWAVEFORMAT),No "https://archtorontomu.scholarsportal.info/task/e128f795-38b7-4bec-a34e-c6f5b3e3b66d/",No,N/A,Yes,Yes "https://archtorontomu.scholarsportal.info/task/88cf897f-02d7-4725-98e1-51f481e3c707/",No,No,N/A
RG456-05/RG456-05-06/RG456-05-06-07-001.wav,WaveformAudio(PCMWAVEFORMAT),No "https://archtorontomu.scholarsportal.info/task/7c0d1328-9e44-4265-966e-8ebd2a3842b7/",No,N/A,Yes,Yes "https://archtorontomu.scholarsportal.info/task/52b834d3-2fd5-4822-ae82-bd1ba680a625/",No,No,N/A
RG456-05/RG456-05-06/RG456-05-06-22-002.wav,WaveformAudio(PCMWAVEFORMAT),No "https://archtorontomu.scholarsportal.info/task/7bd409c6-e9d1-4c30-ad20-e81ac5bdd82e/",No,N/A,Yes,Yes "https://archtorontomu.scholarsportal.info/task/0bf62db4-fb6c-4a2c-9526-c132a3857e81/",No,No,N/A
RG456-05/RG456-05-06/RG456-05-06-04-004.wav,WaveformAudio(PCMWAVEFORMAT),No "https://archtorontomu.scholarsportal.info/task/9d8058c8-c266-4e16-99f0-f7f39dfbc7eb/",No,N/A,Yes,Yes "https://archtorontomu.scholarsportal.info/task/9c4a05ca-0d1c-4b1e-b420-db91907da61c/",No,No,N/A
RG456-05/RG456-05-06/RG456-05-06-11-004.wav,WaveformAudio(PCMWAVEFORMAT),No "https://archtorontomu.scholarsportal.info/task/129cb848-fda6-4eda-b0ca-faa3f7f33b8f/",No,N/A,Yes,Yes "https://archtorontomu.scholarsportal.info/task/5789a8ef-c7e7-4a66-9553-75d3976ae181/",No,No,N/A
RG456-05/RG456-05-06/RG456-05-06-20-002.wav,WaveformAudio(PCMWAVEFORMAT),No "https://archtorontomu.scholarsportal.info/task/986a300f-6483-4b08-a03b-0b09c2cc7417/",No,N/A,Yes,Yes "https://archtorontomu.scholarsportal.info/task/2e1f5cc9-6b74-4ab0-b52c-8e2b2f7ae61d/",No,No,N/A
RG456-05/RG456-05-06/RG456-05-06-20-003.wav,WaveformAudio(PCMWAVEFORMAT),No "https://archtorontomu.scholarsportal.info/task/0b56ed15-f0f8-4c0b-be31-d98d248def2b/",No,N/A,Yes,Yes "https://archtorontomu.scholarsportal.info/task/0b30ab14-714d-47c3-96da-c499b8fa155a/",No,No,N/A
RG456-05/RG456-05-01/RG456-05-01-018.mp3,MPEG1/2AudioLayer3,Yes "https://archtorontomu.scholarsportal.info/task/97328540-b708-4466-97ab-6c0b9f961043/",No,Passed "https://archtorontomu.scholarsportal.info/task/aa7d3b24-d24b-498d-a45c-449191ba17e3/",No,Yes "https://archtorontomu.scholarsportal.info/task/284c0f5f-7da3-4629-a8a3-48945a296866/",No,No,Passed "https://archtorontomu.scholarsportal.info/task/1e1bae73-4dbe-411b-b375-f106459396ae/"
RG456-05/RG456-05-01/RG456-05-01-003.mp3,MPEG1/2AudioLayer3,Yes "https://archtorontomu.scholarsportal.info/task/cd9e7986-53d8-4ef6-803d-eb7c48ca2dd5/",No,Passed "https://archtorontomu.scholarsportal.info/task/a5e8a26e-f1dc-4ede-93c1-bd17ec7824dc/",No,Yes "https://archtorontomu.scholarsportal.info/task/acb825da-aef5-4238-82aa-b0695d995482/",No,No,Passed "https://archtorontomu.scholarsportal.info/task/11c96265-9d12-44d1-a2c8-2bb66a2ad5b2/"
RG456-05/RG456-05-01/RG456-05-01-008.mp3,MPEG1/2AudioLayer3,Yes "https://archtorontomu.scholarsportal.info/task/87be4fb1-ad60-434c-a73f-46572a15a882/",No,Passed "https://archtorontomu.scholarsportal.info/task/e36c7321-2479-4144-b532-3379f6749067/",No,Yes "https://archtorontomu.scholarsportal.info/task/b50c152d-11e7-428a-9645-9bc12e662892/",No,No,Passed "https://archtorontomu.scholarsportal.info/task/2cced7a4-f8f5-4405-8909-31778b209092/"
RG456-05/RG456-05-06/RG456-05-06-33-002.wav,WaveformAudio(PCMWAVEFORMAT),No "https://archtorontomu.scholarsportal.info/task/24a11dab-ccf8-43e6-b600-099f8c030784/",No,N/A,Yes,Yes "https://archtorontomu.scholarsportal.info/task/614a541a-5c5b-46fb-ac82-e043c883891b/",No,No,N/A
RG456-05/RG456-05-06/RG456-05-06-31-003.wav,WaveformAudio(PCMWAVEFORMAT),No "https://archtorontomu.scholarsportal.info/task/cb02cab7-7f4f-404b-8764-393fb8ad5f71/",No,N/A,Yes,Yes "https://archtorontomu.scholarsportal.info/task/a0843b31-0fdd-4f73-a323-21ea164038cb/",No,No,N/A
RG456-05/RG456-05-06/RG456-05-06-04-002.wav,WaveformAudio(PCMWAVEFORMAT),No "https://archtorontomu.scholarsportal.info/task/466be13c-d3c0-41de-afb7-be0010b1c885/",No,N/A,Yes,Yes "https://archtorontomu.scholarsportal.info/task/40abbaab-ec8c-4bd3-8d17-e69fd03609fa/",No,No,N/A
RG456-05/RG456-05-06/RG456-05-06-05-002.wav,WaveformAudio(PCMWAVEFORMAT),No "https://archtorontomu.scholarsportal.info/task/ea7f80e5-e302-4259-9f21-12089ac21847/",No,N/A,Yes,Yes "https://archtorontomu.scholarsportal.info/task/2271b814-491f-4fe1-8802-8d483ee47e1f/",No,No,N/A
RG456-05/RG456-05-06/RG456-05-06-25-001.wav,WaveformAudio(PCMWAVEFORMAT),No "https://archtorontomu.scholarsportal.info/task/39341b1b-6d5b-4d79-81d1-c3794b677c08/",No,N/A,Yes,Yes "https://archtorontomu.scholarsportal.info/task/918203c0-fb94-49dd-b76e-ad5d4ffa7af6/",No,No,N/A
RG456-05/RG456-05-06/RG456-05-06-19-003.wav,WaveformAudio(PCMWAVEFORMAT),No "https://archtorontomu.scholarsportal.info/task/f8ea634e-81d9-4276-99cb-617eb4289192/",No,N/A,Yes,Yes "https://archtorontomu.scholarsportal.info/task/1adab1dd-a16b-4d9f-81dc-e18ffb62412b/",No,No,N/A
